Title,source,source link,link,link date
11 AF OPERATIONAL SUPPORT AIRLIFT (OSA) MANAGEMENT,Air Force E-Publishing,https://www.e-publishing.af.mil/Product-Index/,https://static.e-publishing.af.mil/production/1/11af/publication/11afi13-206/11afi13-206.pdf,2021-01-30 20:24
PERSONNEL STATUS FOR NATIONAL GUARD MEMBERS DURING RESCUE MISSIONS,Air Force E-Publishing,https://www.e-publishing.af.mil/Product-Index/,https://static.e-publishing.af.mil/production/1/11_af/publication/11afi36-2001/11afi36-2001.pdf,2021-01-30 20:24
PERSONNEL STATUS WITHIN THE 176TH AIR CONTROL SQUADRON (ANG),Air Force E-Publishing,https://www.e-publishing.af.mil/Product-Index/,https://static.e-publishing.af.mil/production/1/11_af/publication/11afi38-101/11afi38-101.pdf,2021-01-30 20:24
ANNUAL CERTIFICATION OF PRSC AIRCRAFT ARRESTING SYSTEMS,Air Force E-Publishing,https://www.e-publishing.af.mil/Product-Index/,https://static.e-publishing.af.mil/production/1/11af/publication/afi32-1043_11afsup/afi32-1043_11afsup.pdf,2021-01-30 20:24
TEMPORARY HOUSING ALLOWANCE (TLA) IN ALASKA,Air Force E-Publishing,https://www.e-publishing.af.mil/Product-Index/,https://static.e-publishing.af.mil/production/1/11_af/publication/jftrv1_11afsup/jftrv1_11afsup.pdf,2021-01-30 20:24
ENVIRONMENTAL SUPPORT FOR AIR SOVEREIGNTY AND AIR DEFENSE,Air Force E-Publishing,https://www.e-publishing.af.mil/Product-Index/,https://static.e-publishing.af.mil/production/1/11_af/publication/nr15-1_anrsup1/nr15-1_anrsup1.pdf,2021-01-30 20:24
FIFTH AIR FORCE OPERATIONAL AND UNUSUAL EVENT REPORTING PROCEDURES,Air Force E-Publishing,https://www.e-publishing.af.mil/Product-Index/,https://static.e-publishing.af.mil/production/1/5_af/publication/5afi10-206/5afi10-206.pdf,2021-01-30 20:24
EMPLOYMENT AND REPORTING OF THIRD COUNTRY NATIONALS,Air Force E-Publishing,https://www.e-publishing.af.mil/Product-Index/,https://static.e-publishing.af.mil/production/1/5af/publication/5afi36-101/5afi36-101.pdf,2021-01-30 20:24
PERSONNEL ADMINISTRATION OF MASTER LABOR CONTRACT (MLC) AND INDIRECT HIRE AGREEMENT (IHA) EMPLOYEES (PA),Air Force E-Publishing,https://www.e-publishing.af.mil/Product-Index/,https://static.e-publishing.af.mil/production/1/5af/publication/5afi36-102/5afi36-102.pdf,2021-01-30 20:24
INDIRECT HIRE AGREEMENT (IHA) PERSONNEL AND EMPLOYMENT COST REPORT,Air Force E-Publishing,https://www.e-publishing.af.mil/Product-Index/,https://static.e-publishing.af.mil/production/1/5af/publication/5afi36-108/5afi36-108_release_doc.pdf,2021-01-30 20:24
SECURITY REVIEW BOARDS AND INTERNAL ADMINISTRATIVE PROCEDURES FOR MLC AND IHA SECURITY CASES,Air Force E-Publishing,https://www.e-publishing.af.mil/Product-Index/,https://static.e-publishing.af.mil/production/1/5af/publication/5afi36-112/5afi36-112.pdf,2021-01-30 20:24
CRIMINAL AND DISCIPLINARYJURISDICTION UNDER THE STATUS OFFORCES AGREEMENT,Air Force E-Publishing,https://www.e-publishing.af.mil/Product-Index/,https://static.e-publishing.af.mil/production/1/5af/publication/5afi51-102/5afi51-102.pdf,2021-01-30 20:24
Furnishing Information for Japanese Tax Officials Relative to Nonappropriated Fund (NAF) Activities,Air Force E-Publishing,https://www.e-publishing.af.mil/Product-Index/,https://static.e-publishing.af.mil/production/1/5_af/publication/5afji34-201/5afji34-201.pdf,2021-01-30 20:24
COMMERCIAL TELECOMMUNICATIONS SERVICES,Air Force E-Publishing,https://www.e-publishing.af.mil/Product-Index/,https://static.e-publishing.af.mil/production/1/5af/publication/5afji64-109/5afji64-109.pdf,2021-01-30 20:24
Standards of Ethical Conduct for Air Force Employees,Air Force E-Publishing,https://www.e-publishing.af.mil/Product-Index/,https://static.e-publishing.af.mil/production/1/5af/publication/5afva36-1/5afva36-1.pdf,2021-01-30 20:24
THE AIR FORCE INSTALLATION SECURITY PROGRAM (PA),Air Force E-Publishing,https://www.e-publishing.af.mil/Product-Index/,https://static.e-publishing.af.mil/production/1/5_af/publication/afi31-101_pacafsup_5afsup_i/afi31-101_pacafsup_5afsup.pdf,2021-01-30 20:24
HANDLING REQUESTS FOR POLITICAL ASYLUM AND TEMPORARY REFUGE,Air Force E-Publishing,https://www.e-publishing.af.mil/Product-Index/,https://static.e-publishing.af.mil/production/1/5af/publication/afi51-704_5afsup_i/afi51-704_5afsup_i.pdf,2021-01-30 20:24
"Status of Forces Policies, Procedures, and Information",Air Force E-Publishing,https://www.e-publishing.af.mil/Product-Index/,https://static.e-publishing.af.mil/production/1/5_af/publication/afji51-706_5afsup1/afji51-706_5afsup1.pdf,2021-01-30 20:24
ANTITERRORISM (AT) PROGRAM IMPLEMENTATION,Air Force E-Publishing,https://www.e-publishing.af.mil/Product-Index/,https://static.e-publishing.af.mil/production/1/5af/publication/dodio-2000.16v1_afi10-245-o_pacafsup_5afsup/dodio-2000.16v1_afi10-245-o_pacafsup_5afsup_(wms).pdf,2021-01-30 20:24
FORCE PROTECTION (FP) MISSION AND ANTITERRORISM (AT) PROGRAM FOR AIR FORCES NORTHERN AREA OF RESPONSIBILITY,Air Force E-Publishing,https://www.e-publishing.af.mil/Product-Index/,https://static.e-publishing.af.mil/production/1/1af/publication/1afi10-222-o/1afi10-222-o.pdf,2021-01-30 20:24
"MISSION, COMMAND RELATIONSHIPS AND PERSONNEL STATUS WITHIN CONR-1 AF (AFNORTH) - GAINED UNITS",Air Force E-Publishing,https://www.e-publishing.af.mil/Product-Index/,https://static.e-publishing.af.mil/production/1/1af/publication/1afi38-1/1afi38-1.pdf,2021-01-30 20:24
FOURTEENTH AIR FORCE RECOGNITION PROGRAM,Air Force E-Publishing,https://www.e-publishing.af.mil/Product-Index/,https://static.e-publishing.af.mil/production/1/14af/publication/14afi36-2801/14afi36-2801.pdf,2021-01-30 20:24
MANAGEMENT OF FINANCIAL SERVICES,Air Force E-Publishing,https://www.e-publishing.af.mil/Product-Index/,https://static.e-publishing.af.mil/production/1/19af/publication/19afi65-101/19afi65-101.pdf,2021-01-30 20:24
QUARTERLY AND ANNUAL MILITARY AND CIVLIAN AWARDS PROGRAM,Air Force E-Publishing,https://www.e-publishing.af.mil/Product-Index/,https://static.e-publishing.af.mil/production/1/2af/publication/2afi36-2801/2afi36-2801.pdf,2021-01-30 20:24
RECALL AND ALERT NOTIFICATION PROCEDURES,Air Force E-Publishing,https://www.e-publishing.af.mil/Product-Index/,https://static.e-publishing.af.mil/production/1/7af/publication/7afi10-401/7afi10-401.pdf,2021-01-30 20:24
WEATHER SUPPORT FOR SEVENTH AIR FORCE,Air Force E-Publishing,https://www.e-publishing.af.mil/Product-Index/,https://static.e-publishing.af.mil/production/1/7af/publication/7afi15-101/7afi15-101.pdf,2021-01-30 20:24
LOGISTICS COST SHARING PROGRAM,Air Force E-Publishing,https://www.e-publishing.af.mil/Product-Index/,https://static.e-publishing.af.mil/production/1/7af/publication/7afi25-301/7afi25-301.pdf,2021-01-30 20:24
WARTIME HOST NATION SUPPORT PROGRAM,Air Force E-Publishing,https://www.e-publishing.af.mil/Product-Index/,https://static.e-publishing.af.mil/production/1/7af/publication/7afi25-302/7afi25-302.pdf,2021-01-30 20:24
FLEXIBLE WORK SCHEDULES,Air Force E-Publishing,https://www.e-publishing.af.mil/Product-Index/,https://static.e-publishing.af.mil/production/1/7af/publication/7afi36-101/7afi36-101.pdf,2021-01-30 20:24
QUARTERLY/ANNUAL AWARDS PROGRAM (PA),Air Force E-Publishing,https://www.e-publishing.af.mil/Product-Index/,https://static.e-publishing.af.mil/production/1/7af/publication/7afi36-2802/7afi36-2802.pdf,2021-01-30 20:24
TIME AND ATTENDANCE REPORTING,Air Force E-Publishing,https://www.e-publishing.af.mil/Product-Index/,https://static.e-publishing.af.mil/production/1/7af/publication/7afi65-101/7afi65-101.pdf,2021-01-30 20:24
OPERATIONS SECURITY (OPSEC),Air Force E-Publishing,https://www.e-publishing.af.mil/Product-Index/,https://static.e-publishing.af.mil/production/1/7af/publication/afi10-701_7afsup/afi10-701_7afsup.pdf,2021-01-30 20:24
WAR RESERVE MATERIEL (WRM) PROGRAM GUIDANCE AND PROCEDURES,Air Force E-Publishing,https://www.e-publishing.af.mil/Product-Index/,https://static.e-publishing.af.mil/production/1/7af/publication/afi25-101_pacafsup_7afsup_i/afi25-101_pacafsup_7afsup.pdf,2021-01-30 20:24
MUNITIONS MANAGEMENT,Air Force E-Publishing,https://www.e-publishing.af.mil/Product-Index/,https://static.e-publishing.af.mil/production/1/7af/publication/afman21-201_7afsup/afman21-201_7afsup.pdf,2021-01-30 20:24
MANAGEMENT OF SPECIAL ACCESS PROGRAMS WITHIN SIXTEENTH AIR FORCE,Air Force E-Publishing,https://www.e-publishing.af.mil/Product-Index/,https://static.e-publishing.af.mil/production/1/16af/publication/16afgm-2020-16-01-o/generic_(fouo).pdf,2021-01-30 20:24
"Managing the Processes of Printing, Duplicating, Replicating, Document Conversion and Copying",Air Force E-Publishing,https://www.e-publishing.af.mil/Product-Index/,https://static.e-publishing.af.mil/production/1/16af/publication/16afgm-2020-17-01/16afgm2020-17-01.pdf,2021-01-30 20:24
Disintegration and Destruction of Classified Material and Media Degaussing,Air Force E-Publishing,https://www.e-publishing.af.mil/Product-Index/,https://static.e-publishing.af.mil/production/1/16af/publication/16afgm2020-16-02/16afgm2020-16-02.pdf,2021-01-30 20:24
Material Management Processes,Air Force E-Publishing,https://www.e-publishing.af.mil/Product-Index/,https://static.e-publishing.af.mil/production/1/16af/publication/16afgm2020-23-01/16afgm2020-23-01.pdf,2021-01-30 20:24
Facility Escort,Air Force E-Publishing,https://www.e-publishing.af.mil/Product-Index/,https://static.e-publishing.af.mil/production/1/16af/publication/16afgm2020-32-03/16afgm2019-32-03.pdf,2021-01-30 20:24
Guide to HQ 16 AF Command Section Conference Rooms,Air Force E-Publishing,https://www.e-publishing.af.mil/Product-Index/,https://static.e-publishing.af.mil/production/1/16af/publication/16afgm2020-60-01/16afgm2020-60-01.pdf,2021-01-30 20:24
"Intra-Service, Intra-Agency, and Inter-Agency Support Agreements Procedures",Air Force E-Publishing,https://www.e-publishing.af.mil/Product-Index/,https://static.e-publishing.af.mil/,2021-01-30 20:24
Aircraft and Equipment Management,Air Force E-Publishing,https://www.e-publishing.af.mil/Product-Index/,https://static.e-publishing.af.mil/production/1/16af/publication/afi21-101_accsup_16afgm2020-21-01/afi21-101_accsup_16afgm2020-21-01.pdf,2021-01-30 20:24
10TH AIR FORCE COMBAT PLANNING COUNCIL,Air Force E-Publishing,https://www.e-publishing.af.mil/Product-Index/,https://static.e-publishing.af.mil/production/1/10af/publication/10afi10-101/10afi10-101.pdf,2021-01-30 20:24
TENTH AIR FORCE TRAINING PERIOD SYSTEM,Air Force E-Publishing,https://www.e-publishing.af.mil/Product-Index/,https://static.e-publishing.af.mil/production/1/10af/publication/10afi11-201/10afi11-201.pdf,2021-01-30 20:24
AIR FORCE ANITITERRORISM (AT) STANDARDS,Air Force E-Publishing,https://www.e-publishing.af.mil/Product-Index/,https://static.e-publishing.af.mil/production/1/3af/publication/3afi10-245/3afi10-245.pdf,2021-01-30 20:24
Third Air Force Military Retirees' Privilege Program,Air Force E-Publishing,https://www.e-publishing.af.mil/Product-Index/,https://static.e-publishing.af.mil/production/1/3af/publication/3afpam11-202/3afpam11-202.pdf,2021-01-30 20:24
OPERATIONS AND MAINTENANCE OF REAL PROPERTY FACILITIES IN THE UNITED KINGDOM,Air Force E-Publishing,https://www.e-publishing.af.mil/Product-Index/,https://static.e-publishing.af.mil/production/1/3af/publication/3afpam32-1001/3afpam32-1001.pdf,2021-01-30 20:24
The Federal Equal Employment Opportunity (EEO),Air Force E-Publishing,https://www.e-publishing.af.mil/Product-Index/,https://static.e-publishing.af.mil/production/1/3af/publication/3afva36-101/3afva36-101.pdf,2021-01-30 20:24
ADMINISTRATIVE GRIEVANCE SYSTEM,Air Force E-Publishing,https://www.e-publishing.af.mil/Product-Index/,https://static.e-publishing.af.mil/production/1/3af/publication/afi36-1203_3afsup1_i/afi36-1203_3afsup1_i.pdf,2021-01-30 20:24
Administration of Local National Indirect Hire Civilian Employees in the United Kingdom (U.K.),Air Force E-Publishing,https://www.e-publishing.af.mil/Product-Index/,https://static.e-publishing.af.mil/production/1/3af/publication/usafei36-704_3afsup1/usafei36-704_3afsup1.pdf,2021-01-30 20:24
"DETACHMENT1, 13TH AIR FORCE (13 AF)",Air Force E-Publishing,https://www.e-publishing.af.mil/Product-Index/,https://static.e-publishing.af.mil/production/1/13af/publication/13afmd1/13afmd1.pdf,2021-01-30 20:24
CRASH DAMAGED OR DISABLED AIRCRAFT RECOVERY (CDDAR) AND FOREIGN OBJECT DAMAGE (FOD) PROGRAMS,Air Force E-Publishing,https://www.e-publishing.af.mil/Product-Index/,https://static.e-publishing.af.mil/production/1/20af/publication/20afi21-101/20afi21-101.pdf,2021-01-30 20:24
Intercontinental Ballistic Missile (ICBM) Systems Security (U),Air Force E-Publishing,https://www.e-publishing.af.mil/Product-Index/,https://static.e-publishing.af.mil/production/1/20af/publication/20afi31-133-s/fouo.pdf,2021-01-30 20:24
AWARDS AND RECOGNITION PROGRAM,Air Force E-Publishing,https://www.e-publishing.af.mil/Product-Index/,https://static.e-publishing.af.mil/production/1/20af/publication/20afi36-2805/20afi36-2805.pdf,2021-01-30 20:24
PROFESSIONAL DEVELOPMENT PROGRAM,Air Force E-Publishing,https://www.e-publishing.af.mil/Product-Index/,https://static.e-publishing.af.mil/production/1/20af/publication/20afi36-3701/20afi36-3701.pdf,2021-01-30 20:24
AIR FORCE NATIONAL TACTICAL INTEGRATION,Air Force E-Publishing,https://www.e-publishing.af.mil/Product-Index/,https://static.e-publishing.af.mil/production/1/25af/publication/25afi14-106-o/25afi14-106-o.pdf,2021-01-30 20:24
"Special Missions Intelligence Support to the Acquisition Life Cycle; ISR Planning, Resource and Operations",Air Force E-Publishing,https://www.e-publishing.af.mil/Product-Index/,https://static.e-publishing.af.mil/production/1/25af/publication/25afi14-111-s/restricted_access.pdf,2021-01-30 20:24
Disintegration and Destruction of Classified Material and Media Degaussing,Air Force E-Publishing,https://www.e-publishing.af.mil/Product-Index/,https://static.e-publishing.af.mil/production/1/25af/publication/25afi16-1401/25afi16-1401.pdf,2021-01-30 20:24
Management of Special Access Program with 25th Air Force,Air Force E-Publishing,https://www.e-publishing.af.mil/Product-Index/,https://static.e-publishing.af.mil/production/1/25af/publication/25afi16-702/for_official_use_only.pdf,2021-01-30 20:24
"MANAGING THE PROCESSES OF PRINTING, DUPLICATING, REPLICATING, DOCUMENT CONVERSION AND COPYING",Air Force E-Publishing,https://www.e-publishing.af.mil/Product-Index/,https://static.e-publishing.af.mil/production/1/25af/publication/25afi17-101/25afi17-101.pdf,2021-01-30 20:24
Materiel Management Processes,Air Force E-Publishing,https://www.e-publishing.af.mil/Product-Index/,https://static.e-publishing.af.mil/production/1/25af/publication/25afi23-101/25afi23-101.pdf,2021-01-30 20:24
SECURITY PROCEDURES FOR HEADQUARTERS TWENTY-FIFTH AIR FORCE,Air Force E-Publishing,https://www.e-publishing.af.mil/Product-Index/,https://static.e-publishing.af.mil/production/1/25af/publication/25afi31-101/25afi31-101.pdf,2021-01-30 20:24
FACILITY MANAGEMENT,Air Force E-Publishing,https://www.e-publishing.af.mil/Product-Index/,https://static.e-publishing.af.mil/production/1/25af/publication/25afi32-1002/25afi32-1002.pdf,2021-01-30 20:24
Infrastructure and Facility Assessment Process,Air Force E-Publishing,https://www.e-publishing.af.mil/Product-Index/,https://static.e-publishing.af.mil/production/1/25af/publication/25afi32-1003/25afi32-1003.pdf,2021-01-30 20:24
FACILITY ESCORT,Air Force E-Publishing,https://www.e-publishing.af.mil/Product-Index/,https://static.e-publishing.af.mil/production/1/25af/publication/25afi32-1004/25afi32-1004.pdf,2021-01-30 20:24
MAJOR GENERAL DOYLE E. LARSON ANNUAL AWARDS PROGRAM,Air Force E-Publishing,https://www.e-publishing.af.mil/Product-Index/,https://static.e-publishing.af.mil/production/1/25af/publication/25afi36-2801/25afi36-2801.pdf,2021-01-30 20:24
Awards and Recognition Program,Air Force E-Publishing,https://www.e-publishing.af.mil/Product-Index/,https://static.e-publishing.af.mil/production/1/25af/publication/25afi36-2805/25afi36-2805.pdf,2021-01-30 20:24
GUIDE TO HQ 25AF COMMAND SECTION CONFERENCE ROOMS,Air Force E-Publishing,https://www.e-publishing.af.mil/Product-Index/,https://static.e-publishing.af.mil/production/1/25af/publication/25afpam60-101/25afpam60-101.pdf,2021-01-30 20:24
Uncleared Visitors in Area,Air Force E-Publishing,https://www.e-publishing.af.mil/Product-Index/,https://static.e-publishing.af.mil/production/1/25af/publication/25afva31-102/25afva31-102.pdf,2021-01-30 20:24
25AF Credential Background,Air Force E-Publishing,https://www.e-publishing.af.mil/Product-Index/,https://static.e-publishing.af.mil/production/1/25af/publication/25afva31-103/25afva31-103.pdf,2021-01-30 20:24
STOP - Do Not Use for Collateral or SCI Reproduction,Air Force E-Publishing,https://www.e-publishing.af.mil/Product-Index/,https://static.e-publishing.af.mil/production/1/25af/publication/25afva31-104/25afva31-104.pdf,2021-01-30 20:24
Classified Reproduction Rules,Air Force E-Publishing,https://www.e-publishing.af.mil/Product-Index/,https://static.e-publishing.af.mil/production/1/25af/publication/25afva31-106/25afva31-106.pdf,2021-01-30 20:24
TWENTY-FIFTH AIR FORCE COMPLAINTS & INQUIRIES PROGRAM,Air Force E-Publishing,https://www.e-publishing.af.mil/Product-Index/,https://static.e-publishing.af.mil/production/1/25af/publication/25afva90-301/25afva90-301.pdf,2021-01-30 20:24
"INTRA-SERVICE, INTRA-AGENCY, AND INTER-AGENCY SUPPORT AGREEMENTS PROCEDURES",Air Force E-Publishing,https://www.e-publishing.af.mil/Product-Index/,https://static.e-publishing.af.mil/production/1/25af/publication/afi25-201_25afsup/afi25-201_25afsup.pdf,2021-01-30 20:24
22ND AIR FORCE COMBAT PLANNING COUNCIL,Air Force E-Publishing,https://www.e-publishing.af.mil/Product-Index/,https://static.e-publishing.af.mil/production/1/22af/publication/22afi10-101/22afi10-101.pdf,2021-01-30 20:24
